User Id,Name,Phone,Email,Status
1,User1,1234567801,user1@example.com,active
2,User2,1234567802,user2@example.com,inactive
3,User3,1234567803,user3@example.com,inactive
4,User4,1234567804,user4@example.com,active
5,User5,1234567805,user5@example.com,inactive
6,User6,1234567806,user6@example.com,active
7,User7,1234567807,user7@example.com,inactive
8,User8,1234567808,user8@example.com,inactive
9,User9,1234567809,user9@example.com,active
10,User10,1234567810,user10@example.com,active
11,User11,1234567811,user11@example.com,active
12,User12,1234567812,user12@example.com,active
13,User13,1234567813,user13@example.com,inactive
14,User14,1234567814,user14@example.com,active
15,User15,1234567815,user15@example.com,active
16,User16,1234567816,user16@example.com,active
17,User17,1234567817,user17@example.com,active
18,User18,1234567818,user18@example.com,inactive
19,User19,1234567819,user19@example.com,inactive
20,User20,1234567820,user20@example.com,active
21,User21,1234567821,user21@example.com,active
22,User22,1234567822,user22@example.com,active
23,User23,1234567823,user23@example.com,active
24,User24,1234567824,user24@example.com,active
25,User25,1234567825,user25@example.com,active
26,User26,1234567826,user26@example.com,active
27,User27,1234567827,user27@example.com,active
28,User28,1234567828,user28@example.com,active
29,User29,1234567829,user29@example.com,inactive
30,User30,1234567830,user30@example.com,inactive
31,User31,1234567831,user31@example.com,active
32,User32,1234567832,user32@example.com,inactive
33,User33,1234567833,user33@example.com,active
34,User34,1234567834,user34@example.com,inactive
35,User35,1234567835,user35@example.com,inactive
36,User36,1234567836,user36@example.com,inactive
37,User37,1234567837,user37@example.com,inactive
38,User38,1234567838,user38@example.com,inactive
39,User39,1234567839,user39@example.com,active
40,User40,1234567840,user40@example.com,inactive
41,User41,1234567841,user41@example.com,active
42,User42,1234567842,user42@example.com,inactive
43,User43,1234567843,user43@example.com,inactive
44,User44,1234567844,user44@example.com,inactive
45,User45,1234567845,user45@example.com,active
46,User46,1234567846,user46@example.com,inactive
47,User47,1234567847,user47@example.com,active
48,User48,1234567848,user48@example.com,active
49,User49,1234567849,user49@example.com,active
50,User50,1234567850,user50@example.com,inactive
51,User51,1234567851,user51@example.com,active
52,User52,1234567852,user52@example.com,active
53,User53,1234567853,user53@example.com,inactive
54,User54,1234567854,user54@example.com,inactive
55,User55,1234567855,user55@example.com,active
56,User56,1234567856,user56@example.com,active
57,User57,1234567857,user57@example.com,inactive
58,User58,1234567858,user58@example.com,inactive
59,User59,1234567859,user59@example.com,inactive
60,User60,1234567860,user60@example.com,active
61,User61,1234567861,user61@example.com,inactive
62,User62,1234567862,user62@example.com,inactive
63,User63,1234567863,user63@example.com,inactive
64,User64,1234567864,user64@example.com,inactive
65,User65,1234567865,user65@example.com,inactive
66,User66,1234567866,user66@example.com,inactive
67,User67,1234567867,user67@example.com,inactive
68,User68,1234567868,user68@example.com,active
69,User69,1234567869,user69@example.com,active
70,User70,1234567870,user70@example.com,inactive
71,User71,1234567871,user71@example.com,inactive
72,User72,1234567872,user72@example.com,active
73,User73,1234567873,user73@example.com,active
74,User74,1234567874,user74@example.com,active
75,User75,1234567875,user75@example.com,active
76,User76,1234567876,user76@example.com,active
77,User77,1234567877,user77@example.com,active
78,User78,1234567878,user78@example.com,active
79,User79,1234567879,user79@example.com,active
80,User80,1234567880,user80@example.com,inactive
81,User81,1234567881,user81@example.com,active
82,User82,1234567882,user82@example.com,inactive
83,User83,1234567883,user83@example.com,inactive
84,User84,1234567884,user84@example.com,active
85,User85,1234567885,user85@example.com,inactive
86,User86,1234567886,user86@example.com,active
87,User87,1234567887,user87@example.com,inactive
88,User88,1234567888,user88@example.com,inactive
89,User89,1234567889,user89@example.com,active
90,User90,1234567890,user90@example.com,active
91,User91,1234567891,user91@example.com,inactive
92,User92,1234567892,user92@example.com,inactive
93,User93,1234567893,user93@example.com,inactive
94,User94,1234567894,user94@example.com,inactive
95,User95,1234567895,user95@example.com,inactive
96,User96,1234567896,user96@example.com,inactive
97,User97,1234567897,user97@example.com,inactive
98,User98,1234567898,user98@example.com,active
99,User99,1234567899,user99@example.com,inactive
100,User100,12345678100,user100@example.com,inactive
